word,raw_neighbors,tfidf_neighbors
city,"[('mayor', 0.8505051732063293), ('urban', 0.7216485738754272), ('5040', 0.6968865394592285), ('downtown', 0.644932746887207), ('cities', 0.6417769193649292)]","[('mayor', 0.8310168981552124), ('urban', 0.7178652286529541), ('homeless', 0.6629685759544373), ('downtown', 0.643738865852356), ('5040', 0.6342399716377258)]"
run,"[('runs', 0.7903680801391602), ('hit', 0.7128193974494934), ('sixth', 0.7045787572860718), ('eighth', 0.7036600708961487), ('allowed', 0.7017979621887207)]","[('runs', 0.7488675117492676), ('eighth', 0.6896399259567261), ('allowed', 0.6811673045158386), ('ninth', 0.6811552047729492), ('hit', 0.680861234664917)]"
music,"[('guitar', 0.8440762758255005), ('festival', 0.8435870409011841), ('hop', 0.8388330340385437), ('concert', 0.8279402852058411), ('bands', 0.8216707706451416)]","[('guitar', 0.8504304885864258), ('bands', 0.8384972810745239), ('jazz', 0.8237848281860352), ('hop', 0.8167834281921387), ('band', 0.8143699169158936)]"
london,"[('yorker', 0.0), ('you', 0.0), ('young', 0.0), ('younger', 0.0), ('youngest', 0.0)]","[('yorker', 0.0), ('you', 0.0), ('young', 0.0), ('younger', 0.0), ('youngest', 0.0)]"
market,"[('2023', 0.860780656337738), ('trends', 0.8607782125473022), ('global', 0.8500329256057739), ('geography', 0.824683427810669), ('owing', 0.8241356611251831)]","[('trends', 0.8475263118743896), ('global', 0.8305269479751587), ('2023', 0.829436182975769), ('geography', 0.800436794757843), ('owing', 0.7864711284637451)]"
